[
  {
    "title": "主頁",
    "href": "/",
    "class": "menu_home",
    "id": "memuA",
    "sort": 1
  },
  {
    "title": "網站",
    "href": "/site",
    "class": "menu_web",
    "id": "memuAsite",
    "sort": 2
  },
  {
    "title": "FTP",
    "href": "/ftp",
    "class": "menu_ftp",
    "id": "memuAftp",
    "sort": 3
  },
  {
    "title": "數據庫",
    "href": "/database",
    "class": "menu_data",
    "id": "memuAdatabase",
    "sort": 4
  },
    {
    "title": "Docker",
    "href": "/docker",
    "class": "menu_docker",
    "id": "memuDocker",
    "sort": 5
  },
  {
    "title": "監控",
    "href": "/control",
    "class": "menu_control",
    "id": "memuAcontrol",
    "sort": 6
  },
  {
    "title": "安全",
    "href": "/firewall",
    "class": "menu_firewall",
    "id": "memuAfirewall",
    "sort": 7
  },
  {
    "title": "防火墻",
    "href": "/btwaf/index",
    "class": "menu_btwaf",
    "id": "memu_btwaf",
    "sort": 8
  },
  {
    "title": "文件管理",
    "href": "/files",
    "class": "menu_folder",
    "id": "memuAfiles",
    "sort": 9
  },
  {
    "title": "終端",
    "href": "/xterm",
    "class": "menu_xterm",
    "id": "memuAxterm",
    "sort": 10
  },
  {
    "title": "計劃任務",
    "href": "/crontab",
    "class": "menu_day",
    "id": "memuAcrontab",
    "sort": 11
  },

  {
    "title": "應用商城",
    "href": "/soft",
    "class": "menu_soft",
    "id": "memuAsoft",
    "sort": 12
  },
  {
    "title": "面板設置",
    "href": "/config",
    "class": "menu_set",
    "id": "memuAconfig",
    "sort": 13
  },
  {
    "title": "退出登録",
    "href": "/login?dologin=True",
    "class": "menu_exit",
    "id": "dologin",
    "sort": 14
  }
]